VehID,int,Hr,link_speed_av,NOx,HC,CO,PM,PN,NO,veh_group
6310_100,450878651,450866127,0.1984127036162785,0.004111042786479253,0.0043072605464214275,0.025503886730162368,8.209881792804893e-5,78512315954.20801,0.0018342177183459185,car
6310_100,450878797,450866273,0,5.872918266398932e-4,6.153229352030611e-4,0.0036434123900231956,1.1728402561149847e-5,11216045136.31543,2.620311026208455e-4,car
6310_100,450878893,450866369,0,0.0011745836532797865,0.0012306458704061222,0.007286824780046391,2.3456805122299695e-5,22432090272.63086,5.24062205241691e-4,car
6310_100,450879911,450867387,2.2263071580844764,0.04140725446045544,0.023438560012668447,0.14298534324642168,0.001043985066298921,1193499466305.5747,0.01974175049407149,car
6310_100,450879912,450867387,4.120370229085287,0.005553487890580315,0.0022911043849179503,0.014312680913640841,1.4916870610382825e-4,177073162131.26706,0.0027020132820219866,car
6310_101,450878651,450866127,0,0.004111042786479253,0.0043072605464214275,0.025503886730162368,8.209881792804893e-5,78512315954.20801,0.0018342177183459185,car
6310_101,450878797,450866273,0,5.872918266398932e-4,6.153229352030611e-4,0.0036434123900231956,1.1728402561149847e-5,11216045136.31543,2.620311026208455e-4,car
6310_101,450878893,450866369,0,0.002349167306559573,0.0024612917408122444,0.014573649560092782,4.691361024459939e-5,44864180545.26172,0.001048124410483382,car
6310_101,450879911,450867387,0.05050505291331898,0.006460210093038826,0.006768552287233672,0.04007753629025515,1.2901242817264831e-4,123376496499.46973,0.0028823421288293005,car
6310_103,450878651,450866127,0,0.0011745836532797865,0.0012306458704061222,0.007286824780046391,2.3456805122299695e-5,22432090272.63086,5.24062205241691e-4,car
6310_103,450878797,450866273,0.3086419900258382,0.005285626439759039,0.00553790641682755,0.03279071151020876,1.0555562305034863e-4,100944406226.83887,0.0023582799235876096,car
6310_103,450878893,450866369,0,0.0011745836532797865,0.0012306458704061222,0.007286824780046391,2.3456805122299695e-5,22432090272.63086,5.24062205241691e-4,car
6310_103,450879911,450867387,0,0.0011745836532797865,0.0012306458704061222,0.007286824780046391,2.3456805122299695e-5,22432090272.63086,5.24062205241691e-4,car
6310_105,450878651,450866127,0,5.872918266398932e-4,6.153229352030611e-4,0.0036434123900231956,1.1728402561149847e-5,11216045136.31543,2.620311026208455e-4,car
6310_105,450878797,450866273,0.12152777984738351,0.004698334613119146,0.004922583481624489,0.029147299120185564,9.382722048919878e-5,89728361090.52344,0.002096248820966764,car
6310_105,450878893,450866369,0,0.007047501919678719,0.007383875222436734,0.04372094868027834,1.4074083073379817e-4,134592541635.78516,0.003144373231450146,car
6310_105,450879911,450867387,0,5.872918266398932e-4,6.153229352030611e-4,0.0036434123900231956,1.1728402561149847e-5,11216045136.31543,2.620311026208455e-4,car
6310_108,450878651,450866127,0,0.002349167306559573,0.0024612917408122444,0.014573649560092782,4.691361024459939e-5,44864180545.26172,0.001048124410483382,car
6310_108,450878797,450866273,0,0.0035237509598393594,0.003691937611218367,0.02186047434013917,7.037041536689908e-5,67296270817.89258,0.001572186615725073,car
6310_108,450878893,450866369,0.2109053521244614,0.015856879319277116,0.01661371925048265,0.09837213453062628,3.166668691510459e-4,302833218680.5166,0.007074839770762828,car
6310_108,450879911,450867387,0.5158730234418597,0.0053567601625729684,0.004453742632595478,0.026608766002861467,1.198249058612386e-4,126091007804.08914,0.0024634094234198484,car
6310_109,450878651,450866127,0,0.002349167306559573,0.0024612917408122444,0.014573649560092782,4.691361024459939e-5,44864180545.26172,0.001048124410483382,car
6310_109,450878797,450866273,0,5.872918266398932e-4,6.153229352030611e-4,0.0036434123900231956,1.1728402561149847e-5,11216045136.31543,2.620311026208455e-4,car
6310_109,450878893,450866369,0,0.012333128359437758,0.012921781639264284,0.0765116601904871,2.462964537841468e-4,235536947862.62402,0.005502653155037756,car
6310_109,450879911,450867387,0,0.017618754799196796,0.01845968805609183,0.10930237170069587,3.518520768344954e-4,336481354089.4629,0.007860933078625365,car
6310_109,450879912,450867387,0,0.0017618754799196797,0.0018459688056091834,0.010930237170069586,3.518520768344954e-5,33648135408.94629,7.860933078625365e-4,car
6310_110,450878651,450866127,0,0.0017618754799196797,0.0018459688056091834,0.010930237170069586,3.518520768344954e-5,33648135408.94629,7.860933078625365e-4,car
6310_110,450878797,450866273,0,0.002936459133199466,0.0030766146760153055,0.01821706195011598,5.864201280574924e-5,56080225681.577156,0.0013101555131042274,car
6310_110,450878893,450866369,0,5.872918266398932e-4,6.153229352030611e-4,0.0036434123900231956,1.1728402561149847e-5,11216045136.31543,2.620311026208455e-4,car
6310_110,450879911,450867387,0,0.017618754799196796,0.01845968805609183,0.10930237170069587,3.518520768344954e-4,336481354089.4629,0.007860933078625365,car
6310_110,450879912,450867387,0,5.872918266398932e-4,6.153229352030611e-4,0.0036434123900231956,1.1728402561149847e-5,11216045136.31543,2.620311026208455e-4,car
6310_111,450878651,450866127,0,0.0017618754799196797,0.0018459688056091834,0.010930237170069586,3.518520768344954e-5,33648135408.94629,7.860933078625365e-4,car
6310_111,450878797,450866273,0,0.0017618754799196797,0.0018459688056091834,0.010930237170069586,3.518520768344954e-5,33648135408.94629,7.860933078625365e-4,car
6310_111,450878893,450866369,0.54347826562066,0.05049601365836278,0.04362988497014773,0.26024337704117156,0.0011111740297127198,1154626956388.7295,0.023117395143495464,car
6310_111,450878894,450866369,2.388888883590698,0.009166474272802342,0.0038091743133168536,0.023743236571604015,2.472935703148702e-4,293991753159.1019,0.00445685740229645,car
6310_111,450878894,450866370,0.20555555641651152,0.030604623805691088,0.030912034959700636,0.18326842077037753,6.240621606015762e-4,608309031664.8212,0.013727788023758186,car
6310_111,450879911,450867387,0,0.005285626439759039,0.00553790641682755,0.03279071151020876,1.0555562305034863e-4,100944406226.83887,0.0023582799235876096,car
6310_112,450878651,450866127,0,0.0017618754799196797,0.0018459688056091834,0.010930237170069586,3.518520768344954e-5,33648135408.94629,7.860933078625365e-4,car
6310_112,450878797,450866273,0,0.0017618754799196797,0.0018459688056091834,0.010930237170069586,3.518520768344954e-5,33648135408.94629,7.860933078625365e-4,car
6310_112,450878893,450866369,0,5.872918266398932e-4,6.153229352030611e-4,0.0036434123900231956,1.1728402561149847e-5,11216045136.31543,2.620311026208455e-4,car
6310_112,450879911,450867387,0.8333333278524464,0.018271495446253328,0.017990253320436352,0.10675676057989042,3.777657068174294e-4,372772083802.19714,0.008225134868720431,car
6310_112,450879912,450867387,1.8981481393178303,0.004257601148589679,0.0021393812385845008,0.013145338132923585,1.107008278500749e-4,128859801455.6477,0.002046710004675422,car
6310_113,450878651,450866127,0,0.0017618754799196797,0.0018459688056091834,0.010930237170069586,3.518520768344954e-5,33648135408.94629,7.860933078625365e-4,car
6310_113,450878797,450866273,0,5.872918266398932e-4,6.153229352030611e-4,0.0036434123900231956,1.1728402561149847e-5,11216045136.31543,2.620311026208455e-4,car
6310_113,450878893,450866369,0,0.007634793746318612,0.007999198157639794,0.04736436107030154,1.5246923329494802e-4,145808586772.1006,0.0034064043340709914,car
6310_113,450879911,450867387,1.3454861380159855,0.015645227646015957,0.010579663767688503,0.06384386022422012,3.765801742818353e-4,417602831891.0449,0.007348850723477883,car
6310_114,450878651,450866127,0,0.0011745836532797865,0.0012306458704061222,0.007286824780046391,2.3456805122299695e-5,22432090272.63086,5.24062205241691e-4,car
6310_114,450878797,450866273,0,0.0011745836532797865,0.0012306458704061222,0.007286824780046391,2.3456805122299695e-5,22432090272.63086,5.24062205241691e-4,car
6310_114,450878893,450866369,0,0.022904381238955836,0.023997594472919385,0.14209308321090464,4.57407699884844e-4,437425760316.30176,0.010219213002212974,car
6310_114,450879911,450867387,0,0.0011745836532797865,0.0012306458704061222,0.007286824780046391,2.3456805122299695e-5,22432090272.63086,5.24062205241691e-4,car
6310_115,450878651,450866127,0,0.0011745836532797865,0.0012306458704061222,0.007286824780046391,2.3456805122299695e-5,22432090272.63086,5.24062205241691e-4,car
6310_115,450878797,450866273,0,5.872918266398932e-4,6.153229352030611e-4,0.0036434123900231956,1.1728402561149847e-5,11216045136.31543,2.620311026208455e-4,car
6310_115,450878893,450866369,0,0.005872918266398932,0.006153229352030611,0.03643412390023196,1.1728402561149847e-4,112160451363.15431,0.002620311026208455,car
6310_115,450879911,450867387,0.7060185000300407,0.007047501919678719,0.007383875222436734,0.04372094868027834,1.4074083073379817e-4,134592541635.78516,0.003144373231450146,car
6310_116,450878893,450866369,0.039682541574750624,0.008222085572958506,0.008614521092842855,0.051007773460324736,1.6419763585609785e-4,157024631908.41602,0.003668435436691837,car
6310_116,450879911,450867387,0.12500000596046448,0.005872918266398932,0.006153229352030611,0.03643412390023196,1.1728402561149847e-4,112160451363.15431,0.002620311026208455,car
6310_117,450878893,450866369,0.28594771027565,0.03993584421151274,0.04184195959380815,0.24775204252157726,7.975313741581897e-4,762691069269.4492,0.017818114978217493,car
6310_117,450878894,450866369,0.02777777910232544,0.002936459133199466,0.0030766146760153055,0.01821706195011598,5.864201280574924e-5,56080225681.577156,0.0013101555131042274,car
6310_117,450878894,450866370,0.013717421778926143,0.047570637957831355,0.049841157751447956,0.29511640359187885,9.500006074531376e-4,908499656041.5498,0.021224519312288484,car
6310_117,450878895,450866370,0,0.0035237509598393594,0.003691937611218367,0.02186047434013917,7.037041536689908e-5,67296270817.89258,0.001572186615725073,car
6310_117,450878895,450866371,0,0.046983346131191456,0.04922583481624489,0.29147299120185566,9.382722048919878e-4,897283610905.2345,0.02096248820966764,car
6310_117,450878896,450866371,0,0.0035237509598393594,0.003691937611218367,0.02186047434013917,7.037041536689908e-5,67296270817.89258,0.001572186615725073,car
6310_117,450878896,450866372,1.3194444477558138,0.004836336567442548,0.0027538103086338288,0.016778097343723635,1.2230271774035998e-4,139967603539.9404,0.002304287766969343,car
6310_117,450879911,450867387,0.36111110806465146,0.014682295665997332,0.015383073380076526,0.0910853097505799,2.932100640287462e-4,280401128407.88574,0.0065507775655211375,car
6310_117,450879912,450867387,0.5555555820465088,0.0017618754799196797,0.0018459688056091834,0.010930237170069586,3.518520768344954e-5,33648135408.94629,7.860933078625365e-4,car
6310_118,450878893,450866369,0.3790509309619665,0.028190007678714876,0.029535500889746935,0.17488379472111337,5.629633229351927e-4,538370166543.1406,0.012577492925800585,car
6310_118,450879911,450867387,2.84979428185357,0.03863561856255792,0.01928756904649192,0.1187029841760745,0.0010009976034339022,1163751063736.5752,0.018585486916456853,car
6310_118,450879912,450867387,3.055555582046509,0.00552044866371387,0.002287652864801414,0.014271545332686396,1.4868019726481298e-4,176655198560.3958,0.0026848174067157747,car
6310_119,450878893,450866369,5.85758380284385,0.1067971456652187,0.04693957779907323,0.2923472274916038,0.002813491531261105,3307853663447.509,0.0518005878524782,car
6310_119,450878894,450866369,7.444444465637207,0.009431667921640107,0.0038368783881561723,0.02407341665888233,2.512146500069476e-4,297346592087.0427,0.004594882330538487,car
6310_119,450878894,450866370,11.425808707370035,0.15143829320922042,0.06085892898907651,0.38381655076382964,0.003985635204057999,4696844653552.197,0.07387676723010173,car
6310_119,450878895,450866370,13.805555534362794,0.009793120420061339,0.0038746383688759464,0.024523444093546495,2.5655898633408645e-4,301919156013.89154,0.004783006953342012,car
6310_119,450879911,450867387,0.06410256715921256,0.007634793746318612,0.007999198157639794,0.04736436107030154,1.5246923329494802e-4,145808586772.1006,0.0034064043340709914,car
6310_120,450878893,450866369,1.2433862416517167,0.05712467721971351,0.04112930554238084,0.2474543577466256,0.0013453724501299137,1470321763637.5054,0.026675900883595203,car
6310_120,450878894,450866369,2.749999952316284,0.009185038992666232,0.0038111137202021025,0.02376635062750928,2.475680631104798e-4,294226606614.9017,0.00446651975333041,car
6310_120,450878894,450866370,0.0874485597934252,0.04881067043152778,0.04998704595099554,0.2962142048610966,9.876426399972214e-4,956006430890.5995,0.021850752205004396,car
6310_120,450878895,450866370,0,0.0035237509598393594,0.003691937611218367,0.02186047434013917,7.037041536689908e-5,67296270817.89258,0.001572186615725073,car
6310_120,450878895,450866371,0.35937500596046446,0.05941635483889812,0.05068813121917527,0.302491697162366,0.001315175786453386,1372764828790.0657,0.02724182811252756,car
6310_120,450878896,450866371,1.2962963183720906,0.0035237509598393594,0.003691937611218367,0.02186047434013917,7.037041536689908e-5,67296270817.89258,0.001572186615725073,car
6310_120,450878896,450866372,0.12174211276902092,0.047570637957831355,0.049841157751447956,0.29511640359187885,9.500006074531376e-4,908499656041.5498,0.021224519312288484,car
6310_120,450878897,450866372,0,0.0011745836532797865,0.0012306458704061222,0.007286824780046391,2.3456805122299695e-5,22432090272.63086,5.24062205241691e-4,car
6310_120,450879911,450867387,0,0.002936459133199466,0.0030766146760153055,0.01821706195011598,5.864201280574924e-5,56080225681.577156,0.0013101555131042274,car
6310_121,450878893,450866369,0,0.0035237509598393594,0.003691937611218367,0.02186047434013917,7.037041536689908e-5,67296270817.89258,0.001572186615725073,car
6310_121,450879911,450867387,0,0.004111042786479253,0.0043072605464214275,0.025503886730162368,8.209881792804893e-5,78512315954.20801,0.0018342177183459185,car
6310_122,450878893,450866369,1.6079059632924886,0.0327553949718017,0.018053926387363285,0.11025401081964996,8.337803546195549e-4,958297800781.486,0.015645311368778392,car
6310_122,450879911,450867387,0,5.872918266398932e-4,6.153229352030611e-4,0.0036434123900231956,1.1728402561149847e-5,11216045136.31543,2.620311026208455e-4,car
6310_123,450878893,450866369,0,0.0017618754799196797,0.0018459688056091834,0.010930237170069586,3.518520768344954e-5,33648135408.94629,7.860933078625365e-4,car
6310_123,450879911,450867387,0.32222221851348876,0.014682295665997332,0.015383073380076526,0.0910853097505799,2.932100640287462e-4,280401128407.88574,0.0065507775655211375,car
6310_123,450879912,450867387,0.1388888955116272,0.0017618754799196797,0.0018459688056091834,0.010930237170069586,3.518520768344954e-5,33648135408.94629,7.860933078625365e-4,car
6310_124,450878893,450866369,0,5.872918266398932e-4,6.153229352030611e-4,0.0036434123900231956,1.1728402561149847e-5,11216045136.31543,2.620311026208455e-4,car
6310_124,450879911,450867387,0.21825397440365382,0.009467802949052223,0.008761003179016905,0.05211265273302384,2.0192372378928752e-4,204603323758.29718,0.004297627141765767,car
6310_125,450878893,450866369,0,0.0017618754799196797,0.0018459688056091834,0.010930237170069586,3.518520768344954e-5,33648135408.94629,7.860933078625365e-4,car
6310_125,450879911,450867387,0.83333334657881,0.009017093665642895,0.005976758788723232,0.0360982713248247,2.1864983146081178e-4,243608564775.65085,0.0042428962264513806,car
6310_126,450878893,450866369,0,0.0011745836532797865,0.0012306458704061222,0.007286824780046391,2.3456805122299695e-5,22432090272.63086,5.24062205241691e-4,car
6310_126,450879911,450867387,0,0.0035237509598393594,0.003691937611218367,0.02186047434013917,7.037041536689908e-5,67296270817.89258,0.001572186615725073,car
6310_127,450878893,450866369,0.16666666269302366,0.002936459133199466,0.0030766146760153055,0.01821706195011598,5.864201280574924e-5,56080225681.577156,0.0013101555131042274,car
6310_127,450879911,450867387,0,0.012920420186077652,0.013537104574467345,0.0801550725805103,2.5802485634529663e-4,246752992998.93945,0.005764684257658601,car
6310_127,450879912,450867387,0.04629629850387573,0.0017618754799196797,0.0018459688056091834,0.010930237170069586,3.518520768344954e-5,33648135408.94629,7.860933078625365e-4,car
6310_128,450878893,450866369,0,5.872918266398932e-4,6.153229352030611e-4,0.0036434123900231956,1.1728402561149847e-5,11216045136.31543,2.620311026208455e-4,car
6310_128,450879911,450867387,0,0.011745836532797864,0.012306458704061222,0.07286824780046391,2.3456805122299695e-4,224320902726.30862,0.00524062205241691,car
6310_128,450879912,450867387,0,0.0017618754799196797,0.0018459688056091834,0.010930237170069586,3.518520768344954e-5,33648135408.94629,7.860933078625365e-4,car
6310_129,450878893,450866369,0.0498575522349431,0.022904381238955836,0.023997594472919385,0.14209308321090464,4.57407699884844e-4,437425760316.30176,0.010219213002212974,car
6310_129,450879911,450867387,0,0.0017618754799196797,0.0018459688056091834,0.010930237170069586,3.518520768344954e-5,33648135408.94629,7.860933078625365e-4,car
6310_130,450878893,450866369,0.6907894807426553,0.022317089412315944,0.023382271537716322,0.13844967082088144,4.456792973236942e-4,426209715179.9863,0.009957181899592129,car
6310_130,450879911,450867387,0,5.872918266398932e-4,6.153229352030611e-4,0.0036434123900231956,1.1728402561149847e-5,11216045136.31543,2.620311026208455e-4,car
6310_131,450878893,450866369,0,5.872918266398932e-4,6.153229352030611e-4,0.0036434123900231956,1.1728402561149847e-5,11216045136.31543,2.620311026208455e-4,car
6310_131,450879911,450867387,0,5.872918266398932e-4,6.153229352030611e-4,0.0036434123900231956,1.1728402561149847e-5,11216045136.31543,2.620311026208455e-4,car
6310_132,450878893,450866369,0.08333333730697633,0.002936459133199466,0.0030766146760153055,0.01821706195011598,5.864201280574924e-5,56080225681.577156,0.0013101555131042274,car
6310_132,450879911,450867387,0,0.0011745836532797865,0.0012306458704061222,0.007286824780046391,2.3456805122299695e-5,22432090272.63086,5.24062205241691e-4,car
6310_133,450878893,450866369,0.095029238023256,0.011158544706157972,0.011691135768858161,0.06922483541044072,2.228396486618471e-4,213104857589.99316,0.0049785909497960645,car
6310_133,450879911,450867387,0,0.011745836532797864,0.012306458704061222,0.07286824780046391,2.3456805122299695e-4,224320902726.30862,0.00524062205241691,car
6310_133,450879912,450867387,0,0.0017618754799196797,0.0018459688056091834,0.010930237170069586,3.518520768344954e-5,33648135408.94629,7.860933078625365e-4,car
6310_134,450878893,450866369,1.1835748734681504,0.02843356386905102,0.015907835216377307,0.09702870300433125,7.221298404931023e-4,828625456674.4454,0.0135651716992037,car
6310_134,450879911,450867387,0,0.0011745836532797865,0.0012306458704061222,0.007286824780046391,2.3456805122299695e-5,22432090272.63086,5.24062205241691e-4,car
6310_135,450878893,450866369,0,5.872918266398932e-4,6.153229352030611e-4,0.0036434123900231956,1.1728402561149847e-5,11216045136.31543,2.620311026208455e-4,car
6310_135,450879911,450867387,0,0.009983961052878186,0.010460489898452038,0.061938010630394315,1.993828435395474e-4,190672767317.3623,0.004454528744554373,car
6310_135,450879912,450867387,0,0.0017618754799196797,0.0018459688056091834,0.010930237170069586,3.518520768344954e-5,33648135408.94629,7.860933078625365e-4,car
6310_136,450878893,450866369,0,0.011745836532797864,0.012306458704061222,0.07286824780046391,2.3456805122299695e-4,224320902726.30862,0.00524062205241691,car
6310_136,450879911,450867387,0.038580245441860624,0.010571252879518078,0.0110758128336551,0.06558142302041751,2.1111124610069727e-4,201888812453.67773,0.004716559847175219,car
6310_136,450879912,450867387,1.1111111044883728,0.0017618754799196797,0.0018459688056091834,0.010930237170069586,3.518520768344954e-5,33648135408.94629,7.860933078625365e-4,car
6310_137,450878893,450866369,0.15432098507881165,0.005285626439759039,0.00553790641682755,0.03279071151020876,1.0555562305034863e-4,100944406226.83887,0.0023582799235876096,car
6310_137,450879911,450867387,0,5.872918266398932e-4,6.153229352030611e-4,0.0036434123900231956,1.1728402561149847e-5,11216045136.31543,2.620311026208455e-4,car
6310_138,450878893,450866369,0,0.0011745836532797865,0.0012306458704061222,0.007286824780046391,2.3456805122299695e-5,22432090272.63086,5.24062205241691e-4,car
6310_138,450879911,450867387,0,0.010571252879518078,0.0110758128336551,0.06558142302041751,2.1111124610069727e-4,201888812453.67773,0.004716559847175219,car
6310_138,450879912,450867387,0,0.0017618754799196797,0.0018459688056091834,0.010930237170069586,3.518520768344954e-5,33648135408.94629,7.860933078625365e-4,car
6310_139,450878893,450866369,0,5.872918266398932e-4,6.153229352030611e-4,0.0036434123900231956,1.1728402561149847e-5,11216045136.31543,2.620311026208455e-4,car
6310_139,450879911,450867387,1.3141025854991033,0.01633775084617044,0.009022790074523168,0.055077269735345345,4.162995373811814e-4,478643554419.61835,0.007801864718593203,car
6310_140,450878893,450866369,0.42824074005087215,0.0368886956545882,0.030558646822608,0.18259138810151895,8.267305049390971e-4,871151127530.3403,0.016970731365968654,car
6310_140,450878894,450866369,2.249999976158142,0.00792791867651125,0.0036634403992219775,0.02264727409269188,2.0967337447022136e-4,246503661584.83252,0.0038313931776794417,car
6310_140,450878894,450866370,0.6666666746139526,0.002936459133199466,0.0030766146760153055,0.01821706195011598,5.864201280574924e-5,56080225681.577156,0.0013101555131042274,car
6310_140,450879911,450867387,0,0.010571252879518078,0.0110758128336551,0.06558142302041751,2.1111124610069727e-4,201888812453.67773,0.004716559847175219,car
6310_140,450879912,450867387,0,0.0017618754799196797,0.0018459688056091834,0.010930237170069586,3.518520768344954e-5,33648135408.94629,7.860933078625365e-4,car
6310_141,450878893,450866369,0.08333333432674407,0.005872918266398932,0.006153229352030611,0.03643412390023196,1.1728402561149847e-4,112160451363.15431,0.002620311026208455,car
6310_141,450879911,450867387,0,5.872918266398932e-4,6.153229352030611e-4,0.0036434123900231956,1.1728402561149847e-5,11216045136.31543,2.620311026208455e-4,car
6310_142,450878893,450866369,0,0.0011745836532797865,0.0012306458704061222,0.007286824780046391,2.3456805122299695e-5,22432090272.63086,5.24062205241691e-4,car
6310_142,450879911,450867387,2.185185178120931,0.021360922794363895,0.010704523643258627,0.06581747624151978,5.545822705358126e-4,645221446272.051,0.010271501048348309,car
6310_142,450879912,450867387,2.6388889153798423,0.005507596262912592,0.002286310208688706,0.014255543415457608,1.4849016523351357e-4,176492608940.6421,0.0026781281375492286,car
6310_143,450878893,450866369,0,5.872918266398932e-4,6.153229352030611e-4,0.0036434123900231956,1.1728402561149847e-5,11216045136.31543,2.620311026208455e-4,car
6310_143,450879911,450867387,0,5.872918266398932e-4,6.153229352030611e-4,0.0036434123900231956,1.1728402561149847e-5,11216045136.31543,2.620311026208455e-4,car
6310_144,450878893,450866369,0,5.872918266398932e-4,6.153229352030611e-4,0.0036434123900231956,1.1728402561149847e-5,11216045136.31543,2.620311026208455e-4,car
6310_144,450879911,450867387,0,5.872918266398932e-4,6.153229352030611e-4,0.0036434123900231956,1.1728402561149847e-5,11216045136.31543,2.620311026208455e-4,car
6310_145,450878893,450866369,0,5.872918266398932e-4,6.153229352030611e-4,0.0036434123900231956,1.1728402561149847e-5,11216045136.31543,2.620311026208455e-4,car
6310_145,450879911,450867387,0,0.0017618754799196797,0.0018459688056091834,0.010930237170069586,3.518520768344954e-5,33648135408.94629,7.860933078625365e-4,car
6310_146,450878893,450866369,0.2083333358168602,0.011745836532797864,0.012306458704061222,0.07286824780046391,2.3456805122299695e-4,224320902726.30862,0.00524062205241691,car
6310_146,450879911,450867387,0.019841270787375312,0.004111042786479253,0.0043072605464214275,0.025503886730162368,8.209881792804893e-5,78512315954.20801,0.0018342177183459185,car
6310_147,450878893,450866369,0.4475308722919888,0.005285626439759039,0.00553790641682755,0.03279071151020876,1.0555562305034863e-4,100944406226.83887,0.0023582799235876096,car
6310_147,450879911,450867387,0,0.006460210093038826,0.006768552287233672,0.04007753629025515,1.2901242817264831e-4,123376496499.46973,0.0028823421288293005,car
6310_147,450879912,450867387,0,0.0017618754799196797,0.0018459688056091834,0.010930237170069586,3.518520768344954e-5,33648135408.94629,7.860933078625365e-4,car
6310_148,450878893,450866369,0,0.012920420186077652,0.013537104574467345,0.0801550725805103,2.5802485634529663e-4,246752992998.93945,0.005764684257658601,car
6310_148,450879911,450867387,0.4027777761220932,0.005872918266398932,0.006153229352030611,0.03643412390023196,1.1728402561149847e-4,112160451363.15431,0.002620311026208455,car
6310_149,450878893,450866369,0.6481481343507767,0.007047501919678719,0.007383875222436734,0.04372094868027834,1.4074083073379817e-4,134592541635.78516,0.003144373231450146,car
6310_149,450879911,450867387,1.1965811986189623,0.013889065311637775,0.00873429179919191,0.05292073622183683,3.414794395827835e-4,384026970773.5367,0.006565730927638948,car
6310_149,450879912,450867387,3.611111164093017,0.005537726613040084,0.002289457846192564,0.014293057291368368,1.4893566422837212e-4,176873773693.12842,0.0026938100342782057,car
6310_150,450878893,450866369,0.8159722208976745,0.03969350344807295,0.026517968502827116,0.16010926963614142,9.596862049320513e-4,1067259735281.8867,0.018664642122794353,car
6310_150,450878894,450866369,4.333333206176758,0.009266888152249242,0.0038196642841110077,0.023868257150433995,2.4877826206833975e-4,295262041467.8544,0.004509119658824477,car
6310_150,450879911,450867387,0.9595959511670199,0.010215911091195363,0.0072099362968349465,0.043415268430185616,2.4246495041429592e-4,266347224994.23456,0.004779571345666049,car
6310_151,450878893,450866369,0,0.005872918266398932,0.006153229352030611,0.03643412390023196,1.1728402561149847e-4,112160451363.15431,0.002620311026208455,car
6310_151,450879911,450867387,0,5.872918266398932e-4,6.153229352030611e-4,0.0036434123900231956,1.1728402561149847e-5,11216045136.31543,2.620311026208455e-4,car
6310_152,450878893,450866369,2.5511695875933293,0.059921862386333395,0.027801101306457812,0.17188645966627916,0.0015809107300908231,1856521227065.555,0.02895433319876729,car
6310_152,450878894,450866369,4.222222137451172,0.009261109514233461,0.0038190606051738984,0.023861062441161124,2.4869282073039354e-4,295188938662.2224,0.004506112060034082,car
6310_152,450878894,450866370,1.3340192131790114,0.08751797687847894,0.054537399764546524,0.33057760146383314,0.0021584830832434847,2432085283056.052,0.04140257250463485,car
6310_152,450878895,450866370,0.09259259700775146,0.0035237509598393594,0.003691937611218367,0.02186047434013917,7.037041536689908e-5,67296270817.89258,0.001572186615725073,car
6310_152,450878895,450866371,0.2916666686534881,0.005872918266398932,0.006153229352030611,0.03643412390023196,1.1728402561149847e-4,112160451363.15431,0.002620311026208455,car
6310_152,450879911,450867387,0,0.002349167306559573,0.0024612917408122444,0.014573649560092782,4.691361024459939e-5,44864180545.26172,0.001048124410483382,car
6310_153,450878893,450866369,0,0.0017618754799196797,0.0018459688056091834,0.010930237170069586,3.518520768344954e-5,33648135408.94629,7.860933078625365e-4,car
6310_153,450879911,450867387,0,5.872918266398932e-4,6.153229352030611e-4,0.0036434123900231956,1.1728402561149847e-5,11216045136.31543,2.620311026208455e-4,car
6310_154,450878893,450866369,1.4520202116532759,0.012731709922075004,0.007505445719653554,0.045655361539267005,3.1827736678641467e-4,361812827084.5889,0.0060506354901675155,car
6310_154,450879911,450867387,0.6770833358168602,0.004698334613119146,0.004922583481624489,0.029147299120185564,9.382722048919878e-5,89728361090.52344,0.002096248820966764,car
6310_155,450878893,450866369,0.22222222089767457,0.005872918266398932,0.006153229352030611,0.03643412390023196,1.1728402561149847e-4,112160451363.15431,0.002620311026208455,car
6310_155,450879911,450867387,0,5.872918266398932e-4,6.153229352030611e-4,0.0036434123900231956,1.1728402561149847e-5,11216045136.31543,2.620311026208455e-4,car
6310_156,450878893,450866369,0.30555555820465086,0.002936459133199466,0.0030766146760153055,0.01821706195011598,5.864201280574924e-5,56080225681.577156,0.0013101555131042274,car
6310_156,450879911,450867387,0.4960317441395351,0.004111042786479253,0.0043072605464214275,0.025503886730162368,8.209881792804893e-5,78512315954.20801,0.0018342177183459185,car
6310_156,450879912,450867387,1.1111111640930176,0.0017618754799196797,0.0018459688056091834,0.010930237170069586,3.518520768344954e-5,33648135408.94629,7.860933078625365e-4,car
6310_157,450878893,450866369,0,0.014682295665997332,0.015383073380076526,0.0910853097505799,2.932100640287462e-4,280401128407.88574,0.0065507775655211375,car
6310_157,450879911,450867387,0,0.0017618754799196797,0.0018459688056091834,0.010930237170069586,3.518520768344954e-5,33648135408.94629,7.860933078625365e-4,car
6310_158,450878893,450866369,0,0.0035237509598393594,0.003691937611218367,0.02186047434013917,7.037041536689908e-5,67296270817.89258,0.001572186615725073,car
6310_158,450879911,450867387,0,0.0011745836532797865,0.0012306458704061222,0.007286824780046391,2.3456805122299695e-5,22432090272.63086,5.24062205241691e-4,car
6310_159,450878893,450866369,0,5.872918266398932e-4,6.153229352030611e-4,0.0036434123900231956,1.1728402561149847e-5,11216045136.31543,2.620311026208455e-4,car
6310_159,450879911,450867387,0,5.872918266398932e-4,6.153229352030611e-4,0.0036434123900231956,1.1728402561149847e-5,11216045136.31543,2.620311026208455e-4,car
6310_160,450878893,450866369,0,0.0011745836532797865,0.0012306458704061222,0.007286824780046391,2.3456805122299695e-5,22432090272.63086,5.24062205241691e-4,car
6310_160,450879911,450867387,0,5.872918266398932e-4,6.153229352030611e-4,0.0036434123900231956,1.1728402561149847e-5,11216045136.31543,2.620311026208455e-4,car
6310_161,450878893,450866369,0,5.872918266398932e-4,6.153229352030611e-4,0.0036434123900231956,1.1728402561149847e-5,11216045136.31543,2.620311026208455e-4,car
6310_161,450879911,450867387,0,0.0035237509598393594,0.003691937611218367,0.02186047434013917,7.037041536689908e-5,67296270817.89258,0.001572186615725073,car
6310_161,450879912,450867387,0,0.0017618754799196797,0.0018459688056091834,0.010930237170069586,3.518520768344954e-5,33648135408.94629,7.860933078625365e-4,car
6310_163,450878893,450866369,0,0.002349167306559573,0.0024612917408122444,0.014573649560092782,4.691361024459939e-5,44864180545.26172,0.001048124410483382,car
6310_163,450879911,450867387,0,5.872918266398932e-4,6.153229352030611e-4,0.0036434123900231956,1.1728402561149847e-5,11216045136.31543,2.620311026208455e-4,car
6310_164,450878893,450866369,0,5.872918266398932e-4,6.153229352030611e-4,0.0036434123900231956,1.1728402561149847e-5,11216045136.31543,2.620311026208455e-4,car
6310_164,450879911,450867387,0.02777777910232544,0.002936459133199466,0.0030766146760153055,0.01821706195011598,5.864201280574924e-5,56080225681.577156,0.0013101555131042274,car
6310_164,450879912,450867387,0.2777777810891469,0.0017618754799196797,0.0018459688056091834,0.010930237170069586,3.518520768344954e-5,33648135408.94629,7.860933078625365e-4,car
6310_165,450878893,450866369,0,5.872918266398932e-4,6.153229352030611e-4,0.0036434123900231956,1.1728402561149847e-5,11216045136.31543,2.620311026208455e-4,car
6310_165,450879911,450867387,0,0.0011745836532797865,0.0012306458704061222,0.007286824780046391,2.3456805122299695e-5,22432090272.63086,5.24062205241691e-4,car
6310_166,450878893,450866369,0,0.01644417114591701,0.01722904218568571,0.10201554692064947,3.283952717121957e-4,314049263816.83203,0.007336870873383674,car
6310_166,450878894,450866369,0,0.002936459133199466,0.0030766146760153055,0.01821706195011598,5.864201280574924e-5,56080225681.577156,0.0013101555131042274,car
6310_166,450878894,450866370,0,0.027015424025435088,0.02830485501934081,0.167596969941067,5.39506517812893e-4,515938076270.50977,0.012053430720558892,car
6310_166,450879911,450867387,0,0.002349167306559573,0.0024612917408122444,0.014573649560092782,4.691361024459939e-5,44864180545.26172,0.001048124410483382,car
6310_166,450879912,450867387,0,0.0017618754799196797,0.0018459688056091834,0.010930237170069586,3.518520768344954e-5,33648135408.94629,7.860933078625365e-4,car
6310_167,450878893,450866369,0,0.015856879319277116,0.01661371925048265,0.09837213453062628,3.166668691510459e-4,302833218680.5166,0.007074839770762828,car
6310_167,450878894,450866369,0,0.002936459133199466,0.0030766146760153055,0.01821706195011598,5.864201280574924e-5,56080225681.577156,0.0013101555131042274,car
6310_167,450878894,450866370,0,0.047570637957831355,0.049841157751447956,0.29511640359187885,9.500006074531376e-4,908499656041.5498,0.021224519312288484,car
6310_167,450878895,450866370,0,0.0035237509598393594,0.003691937611218367,0.02186047434013917,7.037041536689908e-5,67296270817.89258,0.001572186615725073,car
6310_167,450878895,450866371,0,0.007634793746318612,0.007999198157639794,0.04736436107030154,1.5246923329494802e-4,145808586772.1006,0.0034064043340709914,car
6310_167,450879911,450867387,0,0.002349167306559573,0.0024612917408122444,0.014573649560092782,4.691361024459939e-5,44864180545.26172,0.001048124410483382,car
6310_167,450879912,450867387,0,0.0011745836532797865,0.0012306458704061222,0.007286824780046391,2.3456805122299695e-5,22432090272.63086,5.24062205241691e-4,car
6310_168,450878893,450866369,0.05747126710825953,0.017031462972556904,0.017844365120888772,0.10565895931067266,3.4012367427334555e-4,325265308953.14746,0.007598901976004519,car
6310_168,450878894,450866369,0.2083333432674408,0.002349167306559573,0.0024612917408122444,0.014573649560092782,4.691361024459939e-5,44864180545.26172,0.001048124410483382,car
6310_168,450878894,450866370,0.5774853817726436,0.05847732798819854,0.04839049840616628,0.2892276422860152,0.0013084193781667877,1377559378402.8013,0.026908472433134892,car
6310_168,450879911,450867387,0,5.872918266398932e-4,6.153229352030611e-4,0.0036434123900231956,1.1728402561149847e-5,11216045136.31543,2.620311026208455e-4,car
6310_169,450878893,450866369,0.842013880610466,0.009396669226238292,0.009845166963248978,0.05829459824037113,1.8765444097839756e-4,179456722181.04688,0.004192497641933528,car
6310_169,450879911,450867387,0,0.0011745836532797865,0.0012306458704061222,0.007286824780046391,2.3456805122299695e-5,22432090272.63086,5.24062205241691e-4,car
6310_169,450879912,450867387,0,0.0017618754799196797,0.0018459688056091834,0.010930237170069586,3.518520768344954e-5,33648135408.94629,7.860933078625365e-4,car
6310_170,450878893,450866369,0,0.0011745836532797865,0.0012306458704061222,0.007286824780046391,2.3456805122299695e-5,22432090272.63086,5.24062205241691e-4,car
6310_170,450879912,450867387,0,0.0017618754799196797,0.0018459688056091834,0.010930237170069586,3.518520768344954e-5,33648135408.94629,7.860933078625365e-4,car
6310_171,450878893,450866369,0,0.0017618754799196797,0.0018459688056091834,0.010930237170069586,3.518520768344954e-5,33648135408.94629,7.860933078625365e-4,car
6310_171,450879912,450867387,0,0.0017618754799196797,0.0018459688056091834,0.010930237170069586,3.518520768344954e-5,33648135408.94629,7.860933078625365e-4,car
6310_172,450878893,450866369,1.2019230677531314,0.02643697681136922,0.017312131521707592,0.10461776977213284,6.438216945790859e-4,719267928664.3875,0.012452598496065784,car
6310_172,450878894,450866369,2.3333333492279054,0.009163630599787243,0.0038088772423637072,0.02373969604863738,2.4725152455487825e-4,293955779202.0664,0.004455377360200521,car
6310_172,450878894,450866370,2.0238095351627896,0.010331096196947479,0.005038779508387481,0.031017658473189567,2.706030840748803e-4,316297822326.63855,0.004975734841782994,car
6310_172,450879912,450867387,0,5.872918266398932e-4,6.153229352030611e-4,0.0036434123900231956,1.1728402561149847e-5,11216045136.31543,2.620311026208455e-4,car
6310_173,450878893,450866369,0.07716049088372125,0.010571252879518078,0.0110758128336551,0.06558142302041751,2.1111124610069727e-4,201888812453.67773,0.004716559847175219,car
6310_173,450879912,450867387,0,0.0011745836532797865,0.0012306458704061222,0.007286824780046391,2.3456805122299695e-5,22432090272.63086,5.24062205241691e-4,car
6310_174,450878893,450866369,0,5.872918266398932e-4,6.153229352030611e-4,0.0036434123900231956,1.1728402561149847e-5,11216045136.31543,2.620311026208455e-4,car
6310_174,450879912,450867387,0,5.872918266398932e-4,6.153229352030611e-4,0.0036434123900231956,1.1728402561149847e-5,11216045136.31543,2.620311026208455e-4,car
6310_175,450878893,450866369,0.1923076923076923,0.00888193550828797,0.008145829045616119,0.04847101377858176,1.9021638180238273e-4,193405297851.3447,0.004036337387058553,car
6310_176,450878893,450866369,0,5.872918266398932e-4,6.153229352030611e-4,0.0036434123900231956,1.1728402561149847e-5,11216045136.31543,2.620311026208455e-4,car
6310_177,450878893,450866369,0,0.014095003839357438,0.014767750444873468,0.08744189736055669,2.8148166146759634e-4,269185083271.5703,0.006288746462900292,car
6310_177,450878894,450866369,0,0.002936459133199466,0.0030766146760153055,0.01821706195011598,5.864201280574924e-5,56080225681.577156,0.0013101555131042274,car
6310_177,450878894,450866370,2.0713305933240016,0.10523524329999111,0.056617109736447326,0.3463910687403715,0.0026907472589575085,3101693987467.9263,0.05035554228300306,car
6310_177,450878895,450866370,0.7175925821065903,0.0035237509598393594,0.003691937611218367,0.02186047434013917,7.037041536689908e-5,67296270817.89258,0.001572186615725073,car
6310_177,450878895,450866371,0.01215277798473835,0.046983346131191456,0.04922583481624489,0.29147299120185566,9.382722048919878e-4,897283610905.2345,0.02096248820966764,car
6310_177,450878896,450866371,0,0.0035237509598393594,0.003691937611218367,0.02186047434013917,7.037041536689908e-5,67296270817.89258,0.001572186615725073,car
6310_177,450878896,450866372,0.025720165835486516,0.047570637957831355,0.049841157751447956,0.29511640359187885,9.500006074531376e-4,908499656041.5498,0.021224519312288484,car
6310_177,450878897,450866372,0,0.0011745836532797865,0.0012306458704061222,0.007286824780046391,2.3456805122299695e-5,22432090272.63086,5.24062205241691e-4,car
6310_178,450878893,450866369,0,0.0011745836532797865,0.0012306458704061222,0.007286824780046391,2.3456805122299695e-5,22432090272.63086,5.24062205241691e-4,car
6310_179,450878893,450866369,0,0.008222085572958506,0.008614521092842855,0.051007773460324736,1.6419763585609785e-4,157024631908.41602,0.003668435436691837,car
6310_180,450878893,450866369,0,0.008809377399598398,0.009229844028045915,0.054651185850347936,1.759260384172477e-4,168240677044.73145,0.003930466539312683,car
6310_181,450878893,450866369,0,5.872918266398932e-4,6.153229352030611e-4,0.0036434123900231956,1.1728402561149847e-5,11216045136.31543,2.620311026208455e-4,car
6310_182,450878893,450866369,0,0.0011745836532797865,0.0012306458704061222,0.007286824780046391,2.3456805122299695e-5,22432090272.63086,5.24062205241691e-4,car
6310_183,450878893,450866369,0,5.872918266398932e-4,6.153229352030611e-4,0.0036434123900231956,1.1728402561149847e-5,11216045136.31543,2.620311026208455e-4,car
6310_184,450878893,450866369,0,0.005872918266398932,0.006153229352030611,0.03643412390023196,1.1728402561149847e-4,112160451363.15431,0.002620311026208455,car
6310_185,450878893,450866369,0,5.872918266398932e-4,6.153229352030611e-4,0.0036434123900231956,1.1728402561149847e-5,11216045136.31543,2.620311026208455e-4,car
6310_186,450878893,450866369,0,5.872918266398932e-4,6.153229352030611e-4,0.0036434123900231956,1.1728402561149847e-5,11216045136.31543,2.620311026208455e-4,car
6310_187,450878893,450866369,0.13888888912541525,0.008222085572958506,0.008614521092842855,0.051007773460324736,1.6419763585609785e-4,157024631908.41602,0.003668435436691837,car
6310_188,450878893,450866369,0.05952381236212594,0.008222085572958506,0.008614521092842855,0.051007773460324736,1.6419763585609785e-4,157024631908.41602,0.003668435436691837,car
6310_188,450878894,450866369,0.1388888955116272,0.002349167306559573,0.0024612917408122444,0.014573649560092782,4.691361024459939e-5,44864180545.26172,0.001048124410483382,car
6310_188,450878894,450866370,0,5.872918266398932e-4,6.153229352030611e-4,0.0036434123900231956,1.1728402561149847e-5,11216045136.31543,2.620311026208455e-4,car
6310_189,450878893,450866369,0,5.872918266398932e-4,6.153229352030611e-4,0.0036434123900231956,1.1728402561149847e-5,11216045136.31543,2.620311026208455e-4,car
6310_190,450878893,450866369,0,0.0011745836532797865,0.0012306458704061222,0.007286824780046391,2.3456805122299695e-5,22432090272.63086,5.24062205241691e-4,car
6310_191,450878893,450866369,0,0.0011745836532797865,0.0012306458704061222,0.007286824780046391,2.3456805122299695e-5,22432090272.63086,5.24062205241691e-4,car
6310_192,450878893,450866369,0,5.872918266398932e-4,6.153229352030611e-4,0.0036434123900231956,1.1728402561149847e-5,11216045136.31543,2.620311026208455e-4,car
6310_193,450878893,450866369,0.1041666641831398,0.002349167306559573,0.0024612917408122444,0.014573649560092782,4.691361024459939e-5,44864180545.26172,0.001048124410483382,car
6310_194,450878893,450866369,0,0.007047501919678719,0.007383875222436734,0.04372094868027834,1.4074083073379817e-4,134592541635.78516,0.003144373231450146,car
6310_194,450878894,450866369,0.02777777910232544,0.002936459133199466,0.0030766146760153055,0.01821706195011598,5.864201280574924e-5,56080225681.577156,0.0013101555131042274,car
6310_194,450878894,450866370,0,0.0017618754799196797,0.0018459688056091834,0.010930237170069586,3.518520768344954e-5,33648135408.94629,7.860933078625365e-4,car
6310_195,450878893,450866369,0,5.872918266398932e-4,6.153229352030611e-4,0.0036434123900231956,1.1728402561149847e-5,11216045136.31543,2.620311026208455e-4,car
6310_196,450878893,450866369,0,0.0011745836532797865,0.0012306458704061222,0.007286824780046391,2.3456805122299695e-5,22432090272.63086,5.24062205241691e-4,car
6310_197,450878893,450866369,0,0.006460210093038826,0.006768552287233672,0.04007753629025515,1.2901242817264831e-4,123376496499.46973,0.0028823421288293005,car
6310_197,450878894,450866369,0,0.002349167306559573,0.0024612917408122444,0.014573649560092782,4.691361024459939e-5,44864180545.26172,0.001048124410483382,car
6310_197,450878894,450866370,0,0.002936459133199466,0.0030766146760153055,0.01821706195011598,5.864201280574924e-5,56080225681.577156,0.0013101555131042274,car
6310_198,450878893,450866369,0,5.872918266398932e-4,6.153229352030611e-4,0.0036434123900231956,1.1728402561149847e-5,11216045136.31543,2.620311026208455e-4,car
6310_199,450878893,450866369,0,5.872918266398932e-4,6.153229352030611e-4,0.0036434123900231956,1.1728402561149847e-5,11216045136.31543,2.620311026208455e-4,car
6310_200,450878893,450866369,0,0.004111042786479253,0.0043072605464214275,0.025503886730162368,8.209881792804893e-5,78512315954.20801,0.0018342177183459185,car
6310_201,450878893,450866369,0,5.872918266398932e-4,6.153229352030611e-4,0.0036434123900231956,1.1728402561149847e-5,11216045136.31543,2.620311026208455e-4,car
6310_202,450878893,450866369,0,0.005285626439759039,0.00553790641682755,0.03279071151020876,1.0555562305034863e-4,100944406226.83887,0.0023582799235876096,car
6310_202,450878894,450866369,0,0.002936459133199466,0.0030766146760153055,0.01821706195011598,5.864201280574924e-5,56080225681.577156,0.0013101555131042274,car
6310_202,450878894,450866370,0.14592123786105385,0.046396054304551564,0.04861051188104183,0.28782957881183246,9.26543802330838e-4,886067565768.919,0.020700457107046794,car
6310_202,450878895,450866370,0.04629629850387573,0.0035237509598393594,0.003691937611218367,0.02186047434013917,7.037041536689908e-5,67296270817.89258,0.001572186615725073,car
6310_202,450878895,450866371,0.022095960649577053,0.025840840372155303,0.02707420914893469,0.1603101451610206,5.160497126905933e-4,493505985997.8789,0.011529368515317202,car
6310_203,450878893,450866369,0.11111111640930176,0.002936459133199466,0.0030766146760153055,0.01821706195011598,5.864201280574924e-5,56080225681.577156,0.0013101555131042274,car
6310_204,450878893,450866369,0.2430555522441864,0.002349167306559573,0.0024612917408122444,0.014573649560092782,4.691361024459939e-5,44864180545.26172,0.001048124410483382,car
6310_205,450878893,450866369,0,0.004698334613119146,0.004922583481624489,0.029147299120185564,9.382722048919878e-5,89728361090.52344,0.002096248820966764,car
6310_205,450878894,450866369,0,0.002936459133199466,0.0030766146760153055,0.01821706195011598,5.864201280574924e-5,56080225681.577156,0.0013101555131042274,car
6310_205,450878894,450866370,0,0.020555213932396264,0.02153630273210714,0.12751943365081184,4.104940896402447e-4,392561579771.04004,0.00917108859172959,car
6310_206,450878893,450866369,0,5.872918266398932e-4,6.153229352030611e-4,0.0036434123900231956,1.1728402561149847e-5,11216045136.31543,2.620311026208455e-4,car
6310_207,450878893,450866369,0,0.0011745836532797865,0.0012306458704061222,0.007286824780046391,2.3456805122299695e-5,22432090272.63086,5.24062205241691e-4,car
6310_208,450878893,450866369,0,5.872918266398932e-4,6.153229352030611e-4,0.0036434123900231956,1.1728402561149847e-5,11216045136.31543,2.620311026208455e-4,car
6310_209,450878893,450866369,0,0.002349167306559573,0.0024612917408122444,0.014573649560092782,4.691361024459939e-5,44864180545.26172,0.001048124410483382,car
6310_210,450878893,450866369,0,0.0011745836532797865,0.0012306458704061222,0.007286824780046391,2.3456805122299695e-5,22432090272.63086,5.24062205241691e-4,car
6310_211,450878893,450866369,0,0.0017618754799196797,0.0018459688056091834,0.010930237170069586,3.518520768344954e-5,33648135408.94629,7.860933078625365e-4,car
6310_211,450878894,450866369,0,0.002936459133199466,0.0030766146760153055,0.01821706195011598,5.864201280574924e-5,56080225681.577156,0.0013101555131042274,car
6310_211,450878894,450866370,0.9722222089767456,5.872918266398932e-4,6.153229352030611e-4,0.0036434123900231956,1.1728402561149847e-5,11216045136.31543,2.620311026208455e-4,car
6310_212,450878893,450866369,0,0.0011745836532797865,0.0012306458704061222,0.007286824780046391,2.3456805122299695e-5,22432090272.63086,5.24062205241691e-4,car
6310_213,450878893,450866369,0,0.0011745836532797865,0.0012306458704061222,0.007286824780046391,2.3456805122299695e-5,22432090272.63086,5.24062205241691e-4,car
6310_213,450878894,450866369,0,0.0011745836532797865,0.0012306458704061222,0.007286824780046391,2.3456805122299695e-5,22432090272.63086,5.24062205241691e-4,car
6310_214,450878893,450866369,0,0.0011745836532797865,0.0012306458704061222,0.007286824780046391,2.3456805122299695e-5,22432090272.63086,5.24062205241691e-4,car
6310_214,450878894,450866369,0,0.002349167306559573,0.0024612917408122444,0.014573649560092782,4.691361024459939e-5,44864180545.26172,0.001048124410483382,car
6310_214,450878894,450866370,0,0.0011745836532797865,0.0012306458704061222,0.007286824780046391,2.3456805122299695e-5,22432090272.63086,5.24062205241691e-4,car
6310_215,450878893,450866369,0,5.872918266398932e-4,6.153229352030611e-4,0.0036434123900231956,1.1728402561149847e-5,11216045136.31543,2.620311026208455e-4,car
6310_215,450878894,450866369,0,0.002349167306559573,0.0024612917408122444,0.014573649560092782,4.691361024459939e-5,44864180545.26172,0.001048124410483382,car
6310_215,450878894,450866370,0.8523591960946175,0.06907800731634887,0.04799946587206349,0.2892283922535013,0.001649096040237898,1818501182048.4348,0.03236504999595772,car
6310_216,450878894,450866369,0,0.0011745836532797865,0.0012306458704061222,0.007286824780046391,2.3456805122299695e-5,22432090272.63086,5.24062205241691e-4,car
6310_217,450878894,450866369,0,0.0011745836532797865,0.0012306458704061222,0.007286824780046391,2.3456805122299695e-5,22432090272.63086,5.24062205241691e-4,car
6310_62,450878651,450866127,0.7638888742242541,0.008222085572958506,0.008614521092842855,0.051007773460324736,1.6419763585609785e-4,157024631908.41602,0.003668435436691837,car
6310_62,450878797,450866273,1.1965812009114487,0.015092033550271642,0.008876307996726868,0.05397239056249315,3.7857345063373155e-4,431064863584.245,0.007172673055258199,car
6310_62,450878892,450866368,0.0347222238779068,0.007047501919678719,0.007383875222436734,0.04372094868027834,1.4074083073379817e-4,134592541635.78516,0.003144373231450146,car
6310_62,450878893,450866368,0.1388888955116272,0.0035237509598393594,0.003691937611218367,0.02186047434013917,7.037041536689908e-5,67296270817.89258,0.001572186615725073,car
6310_62,450878893,450866369,0,5.872918266398932e-4,6.153229352030611e-4,0.0036434123900231956,1.1728402561149847e-5,11216045136.31543,2.620311026208455e-4,car
6310_62,450879911,450867387,0.7638888742242541,0.008222085572958506,0.008614521092842855,0.051007773460324736,1.6419763585609785e-4,157024631908.41602,0.003668435436691837,car
6310_64,450878651,450866127,0,0.0017618754799196797,0.0018459688056091834,0.010930237170069586,3.518520768344954e-5,33648135408.94629,7.860933078625365e-4,car
6310_64,450878797,450866273,0,5.872918266398932e-4,6.153229352030611e-4,0.0036434123900231956,1.1728402561149847e-5,11216045136.31543,2.620311026208455e-4,car
6310_64,450878892,450866368,0,5.872918266398932e-4,6.153229352030611e-4,0.0036434123900231956,1.1728402561149847e-5,11216045136.31543,2.620311026208455e-4,car
6310_64,450879911,450867387,0,0.0017618754799196797,0.0018459688056091834,0.010930237170069586,3.518520768344954e-5,33648135408.94629,7.860933078625365e-4,car
6310_65,450878651,450866127,0,0.007047501919678719,0.007383875222436734,0.04372094868027834,1.4074083073379817e-4,134592541635.78516,0.003144373231450146,car
6310_65,450878797,450866273,0.83333334657881,0.009017093665642895,0.005976758788723232,0.0360982713248247,2.1864983146081178e-4,243608564775.65085,0.0042428962264513806,car
6310_65,450878892,450866368,0,5.872918266398932e-4,6.153229352030611e-4,0.0036434123900231956,1.1728402561149847e-5,11216045136.31543,2.620311026208455e-4,car
6310_65,450879911,450867387,0,0.007047501919678719,0.007383875222436734,0.04372094868027834,1.4074083073379817e-4,134592541635.78516,0.003144373231450146,car
6310_66,450878651,450866127,0,0.0011745836532797865,0.0012306458704061222,0.007286824780046391,2.3456805122299695e-5,22432090272.63086,5.24062205241691e-4,car
6310_66,450878797,450866273,0.21825397440365382,0.009467802949052223,0.008761003179016905,0.05211265273302384,2.0192372378928752e-4,204603323758.29718,0.004297627141765767,car
6310_66,450878892,450866368,0.01543209950129191,0.005285626439759039,0.00553790641682755,0.03279071151020876,1.0555562305034863e-4,100944406226.83887,0.0023582799235876096,car
6310_66,450878893,450866368,0.2314814925193787,0.0035237509598393594,0.003691937611218367,0.02186047434013917,7.037041536689908e-5,67296270817.89258,0.001572186615725073,car
6310_66,450878893,450866369,0.008573388611828839,0.047570637957831355,0.049841157751447956,0.29511640359187885,9.500006074531376e-4,908499656041.5498,0.021224519312288484,car
6310_66,450878894,450866369,0,0.002936459133199466,0.0030766146760153055,0.01821706195011598,5.864201280574924e-5,56080225681.577156,0.0013101555131042274,car
6310_66,450878894,450866370,0.6820066242075677,0.054460385841591706,0.04300147336822513,0.2575704050722255,0.0012409294255112085,1324484207588.0305,0.02519133777042027,car
6310_66,450879911,450867387,0,0.0011745836532797865,0.0012306458704061222,0.007286824780046391,2.3456805122299695e-5,22432090272.63086,5.24062205241691e-4,car
6310_67,450878651,450866127,0,0.002349167306559573,0.0024612917408122444,0.014573649560092782,4.691361024459939e-5,44864180545.26172,0.001048124410483382,car
6310_67,450878797,450866273,0,0.0035237509598393594,0.003691937611218367,0.02186047434013917,7.037041536689908e-5,67296270817.89258,0.001572186615725073,car
6310_67,450878892,450866368,0.05952381236212594,0.004111042786479253,0.0043072605464214275,0.025503886730162368,8.209881792804893e-5,78512315954.20801,0.0018342177183459185,car
6310_67,450879911,450867387,0,0.002349167306559573,0.0024612917408122444,0.014573649560092782,4.691361024459939e-5,44864180545.26172,0.001048124410483382,car
6310_69,450878651,450866127,0,0.005285626439759039,0.00553790641682755,0.03279071151020876,1.0555562305034863e-4,100944406226.83887,0.0023582799235876096,car
6310_69,450878797,450866273,0,0.013507712012717544,0.014152427509670405,0.0837984849705335,2.697532589064465e-4,257969038135.25488,0.006026715360279446,car
6310_69,450878892,450866368,0,0.0017618754799196797,0.0018459688056091834,0.010930237170069586,3.518520768344954e-5,33648135408.94629,7.860933078625365e-4,car
6310_69,450879911,450867387,0,0.005285626439759039,0.00553790641682755,0.03279071151020876,1.0555562305034863e-4,100944406226.83887,0.0023582799235876096,car
6310_70,450878651,450866127,0,0.0017618754799196797,0.0018459688056091834,0.010930237170069586,3.518520768344954e-5,33648135408.94629,7.860933078625365e-4,car
6310_70,450878797,450866273,0,5.872918266398932e-4,6.153229352030611e-4,0.0036434123900231956,1.1728402561149847e-5,11216045136.31543,2.620311026208455e-4,car
6310_70,450878892,450866368,0,0.002349167306559573,0.0024612917408122444,0.014573649560092782,4.691361024459939e-5,44864180545.26172,0.001048124410483382,car
6310_70,450879911,450867387,0,0.0017618754799196797,0.0018459688056091834,0.010930237170069586,3.518520768344954e-5,33648135408.94629,7.860933078625365e-4,car
6310_71,450878651,450866127,1.3333333253860475,0.010895893785601234,0.006743347465377589,0.040903575095914135,2.6878137374880616e-4,302982580912.479,0.005157951762010416,car
6310_71,450878797,450866273,0,0.0017618754799196797,0.0018459688056091834,0.010930237170069586,3.518520768344954e-5,33648135408.94629,7.860933078625365e-4,car
6310_71,450878892,450866368,0.0347222238779068,0.002349167306559573,0.0024612917408122444,0.014573649560092782,4.691361024459939e-5,44864180545.26172,0.001048124410483382,car
6310_71,450879911,450867387,1.3333333253860475,0.010895893785601234,0.006743347465377589,0.040903575095914135,2.6878137374880616e-4,302982580912.479,0.005157951762010416,car
6310_72,450878651,450866127,0,0.004111042786479253,0.0043072605464214275,0.025503886730162368,8.209881792804893e-5,78512315954.20801,0.0018342177183459185,car
6310_72,450878797,450866273,0,5.872918266398932e-4,6.153229352030611e-4,0.0036434123900231956,1.1728402561149847e-5,11216045136.31543,2.620311026208455e-4,car
6310_72,450878892,450866368,0,0.0011745836532797865,0.0012306458704061222,0.007286824780046391,2.3456805122299695e-5,22432090272.63086,5.24062205241691e-4,car
6310_72,450879911,450867387,0,0.004111042786479253,0.0043072605464214275,0.025503886730162368,8.209881792804893e-5,78512315954.20801,0.0018342177183459185,car
6310_73,450878651,450866127,0.021367522386404183,0.007634793746318612,0.007999198157639794,0.04736436107030154,1.5246923329494802e-4,145808586772.1006,0.0034064043340709914,car
6310_73,450878797,450866273,0,0.0011745836532797865,0.0012306458704061222,0.007286824780046391,2.3456805122299695e-5,22432090272.63086,5.24062205241691e-4,car
6310_73,450878892,450866368,0,5.872918266398932e-4,6.153229352030611e-4,0.0036434123900231956,1.1728402561149847e-5,11216045136.31543,2.620311026208455e-4,car
6310_73,450879911,450867387,0.021367522386404183,0.007634793746318612,0.007999198157639794,0.04736436107030154,1.5246923329494802e-4,145808586772.1006,0.0034064043340709914,car
6310_74,450878651,450866127,1.207729469174924,0.02595068750453658,0.015615765116016358,0.09482960010321871,6.468042065716319e-4,733576341073.3031,0.012311242659850952,car
6310_74,450878797,450866273,0,0.013507712012717544,0.014152427509670405,0.0837984849705335,2.697532589064465e-4,257969038135.25488,0.006026715360279446,car
6310_74,450878892,450866368,0,0.0011745836532797865,0.0012306458704061222,0.007286824780046391,2.3456805122299695e-5,22432090272.63086,5.24062205241691e-4,car
6310_74,450879911,450867387,1.6631944440305233,0.04849394733228505,0.027551744604669658,0.16794355449216725,0.0012249579215561654,1401327961948.1062,0.023110841303192124,car
6310_75,450878651,450866127,0.01388888955116272,0.005872918266398932,0.006153229352030611,0.03643412390023196,1.1728402561149847e-4,112160451363.15431,0.002620311026208455,car
6310_75,450878797,450866273,0,0.0011745836532797865,0.0012306458704061222,0.007286824780046391,2.3456805122299695e-5,22432090272.63086,5.24062205241691e-4,car
6310_75,450878892,450866368,0,0.0017618754799196797,0.0018459688056091834,0.010930237170069586,3.518520768344954e-5,33648135408.94629,7.860933078625365e-4,car
6310_75,450879911,450867387,0.01388888955116272,0.005872918266398932,0.006153229352030611,0.03643412390023196,1.1728402561149847e-4,112160451363.15431,0.002620311026208455,car
6310_76,450878651,450866127,0.09722222685813903,0.005872918266398932,0.006153229352030611,0.03643412390023196,1.1728402561149847e-4,112160451363.15431,0.002620311026208455,car
6310_76,450878797,450866273,0,0.011745836532797864,0.012306458704061222,0.07286824780046391,2.3456805122299695e-4,224320902726.30862,0.00524062205241691,car
6310_76,450878892,450866368,0,5.872918266398932e-4,6.153229352030611e-4,0.0036434123900231956,1.1728402561149847e-5,11216045136.31543,2.620311026208455e-4,car
6310_76,450878893,450866368,0,5.872918266398932e-4,6.153229352030611e-4,0.0036434123900231956,1.1728402561149847e-5,11216045136.31543,2.620311026208455e-4,car
6310_76,450879911,450867387,0.09722222685813903,0.005872918266398932,0.006153229352030611,0.03643412390023196,1.1728402561149847e-4,112160451363.15431,0.002620311026208455,car
6310_77,450878651,450866127,0,0.005285626439759039,0.00553790641682755,0.03279071151020876,1.0555562305034863e-4,100944406226.83887,0.0023582799235876096,car
6310_77,450878797,450866273,0.19179893959136235,0.012333128359437758,0.012921781639264284,0.0765116601904871,2.462964537841468e-4,235536947862.62402,0.005502653155037756,car
6310_77,450878892,450866368,0,0.0011745836532797865,0.0012306458704061222,0.007286824780046391,2.3456805122299695e-5,22432090272.63086,5.24062205241691e-4,car
6310_77,450878893,450866368,0.5555555820465088,0.0011745836532797865,0.0012306458704061222,0.007286824780046391,2.3456805122299695e-5,22432090272.63086,5.24062205241691e-4,car
6310_77,450879911,450867387,0,0.005285626439759039,0.00553790641682755,0.03279071151020876,1.0555562305034863e-4,100944406226.83887,0.0023582799235876096,car
6310_78,450878651,450866127,0.5128205097638644,0.011364835484802677,0.008437901612659905,0.050670146077880666,2.6554236484433575e-4,288454712156.69055,0.005290278715712559,car
6310_78,450878797,450866273,0,5.872918266398932e-4,6.153229352030611e-4,0.0036434123900231956,1.1728402561149847e-5,11216045136.31543,2.620311026208455e-4,car
6310_78,450878892,450866368,0,5.872918266398932e-4,6.153229352030611e-4,0.0036434123900231956,1.1728402561149847e-5,11216045136.31543,2.620311026208455e-4,car
6310_78,450878893,450866368,0,0.0035237509598393594,0.003691937611218367,0.02186047434013917,7.037041536689908e-5,67296270817.89258,0.001572186615725073,car
6310_78,450878893,450866369,0,0.004698334613119146,0.004922583481624489,0.029147299120185564,9.382722048919878e-5,89728361090.52344,0.002096248820966764,car
6310_78,450879911,450867387,0.5128205097638644,0.011364835484802677,0.008437901612659905,0.050670146077880666,2.6554236484433575e-4,288454712156.69055,0.005290278715712559,car
6310_80,450878651,450866127,0,0.002936459133199466,0.0030766146760153055,0.01821706195011598,5.864201280574924e-5,56080225681.577156,0.0013101555131042274,car
6310_80,450878797,450866273,1.3141025854991033,0.01633775084617044,0.009022790074523168,0.055077269735345345,4.162995373811814e-4,478643554419.61835,0.007801864718593203,car
6310_80,450878892,450866368,0,5.872918266398932e-4,6.153229352030611e-4,0.0036434123900231956,1.1728402561149847e-5,11216045136.31543,2.620311026208455e-4,car
6310_80,450878893,450866368,0,0.0017618754799196797,0.0018459688056091834,0.010930237170069586,3.518520768344954e-5,33648135408.94629,7.860933078625365e-4,car
6310_80,450879911,450867387,0,0.002936459133199466,0.0030766146760153055,0.01821706195011598,5.864201280574924e-5,56080225681.577156,0.0013101555131042274,car
6310_81,450878651,450866127,0,0.010571252879518078,0.0110758128336551,0.06558142302041751,2.1111124610069727e-4,201888812453.67773,0.004716559847175219,car
6310_81,450878797,450866273,0,0.012333128359437758,0.012921781639264284,0.0765116601904871,2.462964537841468e-4,235536947862.62402,0.005502653155037756,car
6310_81,450878892,450866368,0,5.872918266398932e-4,6.153229352030611e-4,0.0036434123900231956,1.1728402561149847e-5,11216045136.31543,2.620311026208455e-4,car
6310_81,450878893,450866368,0,5.872918266398932e-4,6.153229352030611e-4,0.0036434123900231956,1.1728402561149847e-5,11216045136.31543,2.620311026208455e-4,car
6310_81,450879911,450867387,0.3179012311829461,0.026428132198795196,0.02768953208413775,0.1639535575510438,5.277781152517432e-4,504722031134.19434,0.011791399617938047,car
6310_81,450879912,450867387,0.3703703681627909,0.0017618754799196797,0.0018459688056091834,0.010930237170069586,3.518520768344954e-5,33648135408.94629,7.860933078625365e-4,car
6310_85,450878651,450866127,0,0.0017618754799196797,0.0018459688056091834,0.010930237170069586,3.518520768344954e-5,33648135408.94629,7.860933078625365e-4,car
6310_85,450878797,450866273,0,5.872918266398932e-4,6.153229352030611e-4,0.0036434123900231956,1.1728402561149847e-5,11216045136.31543,2.620311026208455e-4,car
6310_85,450878893,450866368,0,0.0017618754799196797,0.0018459688056091834,0.010930237170069586,3.518520768344954e-5,33648135408.94629,7.860933078625365e-4,car
6310_85,450878893,450866369,1.0888889145851135,0.028363856698724647,0.016992148028751836,0.10321242464480583,7.078816502913797e-4,803496901735.3367,0.013460784674938246,car
6310_85,450879911,450867387,0,0.0017618754799196797,0.0018459688056091834,0.010930237170069586,3.518520768344954e-5,33648135408.94629,7.860933078625365e-4,car
6310_87,450878651,450866127,0.04629629850387573,0.0017618754799196797,0.0018459688056091834,0.010930237170069586,3.518520768344954e-5,33648135408.94629,7.860933078625365e-4,car
6310_87,450878797,450866273,1.6493055671453476,0.01942679192467786,0.011023749645384474,0.0672137935132052,4.904151038111556e-4,560900744466.665,0.009259540961917154,car
6310_87,450878893,450866368,0,0.0011745836532797865,0.0012306458704061222,0.007286824780046391,2.3456805122299695e-5,22432090272.63086,5.24062205241691e-4,car
6310_87,450878893,450866369,0,0.0017618754799196797,0.0018459688056091834,0.010930237170069586,3.518520768344954e-5,33648135408.94629,7.860933078625365e-4,car
6310_87,450879911,450867387,0.04629629850387573,0.0017618754799196797,0.0018459688056091834,0.010930237170069586,3.518520768344954e-5,33648135408.94629,7.860933078625365e-4,car
6310_88,450878651,450866127,1.408730183328901,0.018183557908684707,0.009785932054257691,0.05984149540884759,4.659432534784263e-4,537600191053.0148,0.00869974840857388,car
6310_88,450878797,450866273,0,0.008222085572958506,0.008614521092842855,0.051007773460324736,1.6419763585609785e-4,157024631908.41602,0.003668435436691837,car
6310_88,450878893,450866368,0,0.0011745836532797865,0.0012306458704061222,0.007286824780046391,2.3456805122299695e-5,22432090272.63086,5.24062205241691e-4,car
6310_88,450878893,450866369,0,0.014682295665997332,0.015383073380076526,0.0910853097505799,2.932100640287462e-4,280401128407.88574,0.0065507775655211375,car
6310_88,450879911,450867387,1.6081871609938772,0.02733864488475769,0.01359391676698573,0.08357055419510703,7.130684543841917e-4,831447888928.2927,0.013150679082154056,car
6310_90,450878651,450866127,0,0.007047501919678719,0.007383875222436734,0.04372094868027834,1.4074083073379817e-4,134592541635.78516,0.003144373231450146,car
6310_90,450878797,450866273,0.019841270787375312,0.004111042786479253,0.0043072605464214275,0.025503886730162368,8.209881792804893e-5,78512315954.20801,0.0018342177183459185,car
6310_90,450878893,450866369,0,0.0011745836532797865,0.0012306458704061222,0.007286824780046391,2.3456805122299695e-5,22432090272.63086,5.24062205241691e-4,car
6310_90,450879911,450867387,0.07478632835241464,0.022904381238955836,0.023997594472919385,0.14209308321090464,4.57407699884844e-4,437425760316.30176,0.010219213002212974,car
6310_90,450879912,450867387,0,0.0017618754799196797,0.0018459688056091834,0.010930237170069586,3.518520768344954e-5,33648135408.94629,7.860933078625365e-4,car
6310_91,450878651,450866127,0,0.002349167306559573,0.0024612917408122444,0.014573649560092782,4.691361024459939e-5,44864180545.26172,0.001048124410483382,car
6310_91,450878797,450866273,0.9595959511670199,0.010215911091195363,0.0072099362968349465,0.043415268430185616,2.4246495041429592e-4,266347224994.23456,0.004779571345666049,car
6310_91,450878893,450866369,0,0.0011745836532797865,0.0012306458704061222,0.007286824780046391,2.3456805122299695e-5,22432090272.63086,5.24062205241691e-4,car
6310_91,450879911,450867387,0,0.002349167306559573,0.0024612917408122444,0.014573649560092782,4.691361024459939e-5,44864180545.26172,0.001048124410483382,car
6310_96,450878651,450866127,0.1215277761220932,0.004698334613119146,0.004922583481624489,0.029147299120185564,9.382722048919878e-5,89728361090.52344,0.002096248820966764,car
6310_96,450878797,450866273,0,5.872918266398932e-4,6.153229352030611e-4,0.0036434123900231956,1.1728402561149847e-5,11216045136.31543,2.620311026208455e-4,car
6310_96,450878893,450866369,0,0.046396054304551564,0.04861051188104183,0.28782957881183246,9.26543802330838e-4,886067565768.919,0.020700457107046794,car
6310_96,450878894,450866369,0,0.002936459133199466,0.0030766146760153055,0.01821706195011598,5.864201280574924e-5,56080225681.577156,0.0013101555131042274,car
6310_96,450878894,450866370,0,0.047570637957831355,0.049841157751447956,0.29511640359187885,9.500006074531376e-4,908499656041.5498,0.021224519312288484,car
6310_96,450878895,450866370,0,0.0035237509598393594,0.003691937611218367,0.02186047434013917,7.037041536689908e-5,67296270817.89258,0.001572186615725073,car
6310_96,450878895,450866371,0.00347222238779068,0.046983346131191456,0.04922583481624489,0.29147299120185566,9.382722048919878e-4,897283610905.2345,0.02096248820966764,car
6310_96,450878896,450866371,0,0.0035237509598393594,0.003691937611218367,0.02186047434013917,7.037041536689908e-5,67296270817.89258,0.001572186615725073,car
6310_96,450878896,450866372,0,0.047570637957831355,0.049841157751447956,0.29511640359187885,9.500006074531376e-4,908499656041.5498,0.021224519312288484,car
6310_96,450878897,450866372,0,0.0011745836532797865,0.0012306458704061222,0.007286824780046391,2.3456805122299695e-5,22432090272.63086,5.24062205241691e-4,car
6310_96,450879911,450867387,0.1215277761220932,0.004698334613119146,0.004922583481624489,0.029147299120185564,9.382722048919878e-5,89728361090.52344,0.002096248820966764,car
6310_98,450878651,450866127,0,0.0011745836532797865,0.0012306458704061222,0.007286824780046391,2.3456805122299695e-5,22432090272.63086,5.24062205241691e-4,car
6310_98,450878797,450866273,0,0.0017618754799196797,0.0018459688056091834,0.010930237170069586,3.518520768344954e-5,33648135408.94629,7.860933078625365e-4,car
6310_98,450878893,450866369,0.08333333134651183,0.005872918266398932,0.006153229352030611,0.03643412390023196,1.1728402561149847e-4,112160451363.15431,0.002620311026208455,car
6310_98,450879911,450867387,0,0.0011745836532797865,0.0012306458704061222,0.007286824780046391,2.3456805122299695e-5,22432090272.63086,5.24062205241691e-4,car
6310_99,450878651,450866127,0,0.0017618754799196797,0.0018459688056091834,0.010930237170069586,3.518520768344954e-5,33648135408.94629,7.860933078625365e-4,car
6310_99,450878797,450866273,0,0.0011745836532797865,0.0012306458704061222,0.007286824780046391,2.3456805122299695e-5,22432090272.63086,5.24062205241691e-4,car
6310_99,450878893,450866369,0,0.002936459133199466,0.0030766146760153055,0.01821706195011598,5.864201280574924e-5,56080225681.577156,0.0013101555131042274,car
6310_99,450879911,450867387,0,0.0017618754799196797,0.0018459688056091834,0.010930237170069586,3.518520768344954e-5,33648135408.94629,7.860933078625365e-4,car
